{"cameraMode":{"drawMode":0,"name":"Shaded","section":"Shading Mode"},"sceneLighting":true,"audioPlay":false,"sceneViewState":{"m_AlwaysRefresh":false,"showFog":true,"showSkybox":true,"showFlares":true,"showImageEffects":true,"showParticleSystems":true,"showVisualEffectGraphs":true,"m_FxEnabled":true},"in2DMode":false,"pivot":{"x":2.6262454986572267,"y":10.14772891998291,"z":-0.613849401473999},"rotation":{"x":0.021007196977734567,"y":-0.008402270264923573,"z":0.0001766280474839732,"w":0.9997434616088867},"size":9.626994132995606,"orthographic":false}