{"cameraMode":{"drawMode":0,"name":"Shaded","section":"Shading Mode"},"sceneLighting":false,"audioPlay":false,"sceneViewState":{"m_AlwaysRefresh":false,"showFog":true,"showSkybox":false,"showFlares":true,"showImageEffects":true,"showParticleSystems":true,"showVisualEffectGraphs":true,"m_FxEnabled":true},"in2DMode":false,"pivot":{"x":24.031654357910158,"y":0.065947987139225,"z":-4.829967498779297},"rotation":{"x":0.27766135334968569,"y":0.015850309282541276,"z":-0.004581836983561516,"w":0.9605373740196228},"size":2.4500536918640138,"orthographic":false}