{"cameraMode":{"drawMode":0,"name":"Shaded","section":"Shading Mode"},"sceneLighting":false,"audioPlay":false,"sceneViewState":{"m_AlwaysRefresh":false,"showFog":true,"showSkybox":false,"showFlares":true,"showImageEffects":true,"showParticleSystems":true,"showVisualEffectGraphs":true,"m_FxEnabled":true},"in2DMode":false,"pivot":{"x":-1.6435980796813965,"y":3.3274810314178469,"z":1.3711785078048707},"rotation":{"x":-0.01064469013363123,"y":0.6149536371231079,"z":0.008302383124828339,"w":0.7884477972984314},"size":1.6316754817962647,"orthographic":false}