{"cameraMode":{"drawMode":0,"name":"Shaded","section":"Shading Mode"},"sceneLighting":false,"audioPlay":false,"sceneViewState":{"m_AlwaysRefresh":false,"showFog":true,"showSkybox":false,"showFlares":true,"showImageEffects":true,"showParticleSystems":true,"showVisualEffectGraphs":true,"m_FxEnabled":true},"in2DMode":false,"pivot":{"x":-0.07183456420898438,"y":5.86318826675415,"z":0.04260659217834473},"rotation":{"x":0.040482793003320697,"y":-0.017383122816681863,"z":0.0007043730583973229,"w":0.999027669429779},"size":2.6709415912628176,"orthographic":false}