{"cameraMode":{"drawMode":0,"name":"Shaded","section":"Shading Mode"},"sceneLighting":false,"audioPlay":false,"sceneViewState":{"m_AlwaysRefresh":false,"showFog":true,"showSkybox":false,"showFlares":true,"showImageEffects":true,"showParticleSystems":true,"showVisualEffectGraphs":true,"m_FxEnabled":true},"in2DMode":false,"pivot":{"x":12.14785385131836,"y":5.954051494598389,"z":-4.3443284034729},"rotation":{"x":0.029391711577773095,"y":-0.011994740925729275,"z":0.00035214173840358853,"w":0.9994910359382629},"size":8.960413932800293,"orthographic":false}