{"cameraMode":{"drawMode":0,"name":"Shaded","section":"Shading Mode"},"sceneLighting":false,"audioPlay":false,"sceneViewState":{"m_AlwaysRefresh":false,"showFog":true,"showSkybox":false,"showFlares":true,"showImageEffects":true,"showParticleSystems":true,"showVisualEffectGraphs":true,"m_FxEnabled":true},"in2DMode":false,"pivot":{"x":-7.6383161544799809,"y":1.8233203887939454,"z":-0.09951269626617432},"rotation":{"x":0.04381653293967247,"y":-0.7585217356681824,"z":0.05127806216478348,"w":0.6481462717056274},"size":9.137274742126465,"orthographic":false}