{"cameraMode":{"drawMode":0,"name":"Shaded","section":"Shading Mode"},"sceneLighting":false,"audioPlay":false,"sceneViewState":{"m_AlwaysRefresh":false,"showFog":true,"showSkybox":false,"showFlares":true,"showImageEffects":true,"showParticleSystems":true,"showVisualEffectGraphs":true,"m_FxEnabled":true},"in2DMode":false,"pivot":{"x":-3.3501267433166506,"y":0.4125894010066986,"z":1.2512859106063843},"rotation":{"x":0.10916408896446228,"y":-0.23185431957244874,"z":0.026194222271442415,"w":0.9662507176399231},"size":6.596563339233398,"orthographic":false}