{"cameraMode":{"drawMode":0,"name":"Shaded","section":"Shading Mode"},"sceneLighting":false,"audioPlay":false,"sceneViewState":{"m_AlwaysRefresh":false,"showFog":true,"showSkybox":false,"showFlares":true,"showImageEffects":true,"showParticleSystems":true,"showVisualEffectGraphs":true,"m_FxEnabled":true},"in2DMode":false,"pivot":{"x":-0.0006043475004844368,"y":2.7979934215545656,"z":-0.06716109067201615},"rotation":{"x":-0.011999470181763173,"y":0.004499539267271757,"z":0.00005397802669904195,"w":0.9999145269393921},"size":11.19771671295166,"orthographic":false}