{"cameraMode":{"drawMode":0,"name":"Shaded","section":"Shading Mode"},"sceneLighting":false,"audioPlay":false,"sceneViewState":{"m_AlwaysRefresh":false,"showFog":true,"showSkybox":false,"showFlares":true,"showImageEffects":true,"showParticleSystems":true,"showVisualEffectGraphs":true,"m_FxEnabled":true},"in2DMode":false,"pivot":{"x":8.670000076293946,"y":0.04173821210861206,"z":-2.6770596504211427},"rotation":{"x":0.05239514634013176,"y":-0.0553952157497406,"z":0.0029109353199601175,"w":0.9970850348472595},"size":2.448255777359009,"orthographic":false}