{"cameraMode":{"drawMode":0,"name":"Shaded","section":"Shading Mode"},"sceneLighting":true,"audioPlay":false,"sceneViewState":{"m_AlwaysRefresh":false,"showFog":true,"showSkybox":true,"showFlares":true,"showImageEffects":true,"showParticleSystems":true,"showVisualEffectGraphs":true,"m_FxEnabled":true},"in2DMode":false,"pivot":{"x":11.513835906982422,"y":9.191845893859864,"z":9.384872436523438},"rotation":{"x":-0.011999470181763173,"y":0.004499539267271757,"z":0.00005397802669904195,"w":0.9999145269393921},"size":14.251025199890137,"orthographic":false}