{"cameraMode":{"drawMode":0,"name":"Shaded","section":"Shading Mode"},"sceneLighting":true,"audioPlay":false,"sceneViewState":{"m_AlwaysRefresh":false,"showFog":true,"showSkybox":true,"showFlares":true,"showImageEffects":true,"showParticleSystems":true,"showVisualEffectGraphs":true,"m_FxEnabled":true},"in2DMode":false,"pivot":{"x":3.6024768352508547,"y":0.09263598173856735,"z":7.049332618713379},"rotation":{"x":-0.15052834153175355,"y":-0.18681339919567109,"z":0.0289807990193367,"w":-0.9703556299209595},"size":5.111522674560547,"orthographic":false}