{"cameraMode":{"drawMode":0,"name":"Shaded","section":"Shading Mode"},"sceneLighting":false,"audioPlay":false,"sceneViewState":{"m_AlwaysRefresh":false,"showFog":true,"showSkybox":false,"showFlares":true,"showImageEffects":true,"showParticleSystems":true,"showVisualEffectGraphs":true,"m_FxEnabled":true},"in2DMode":false,"pivot":{"x":6.8007612228393559,"y":2.0303454399108888,"z":-33.354835510253909},"rotation":{"x":0.058369290083646777,"y":-0.05717090517282486,"z":0.003348463913425803,"w":0.9966492652893066},"size":1.3460830450057984,"orthographic":false}